set define off;
ALTER SESSION SET CURRENT_SCHEMA=TIBERO;

/*******************************************************************************/
/* DATA Insert                                                                 */
/*******************************************************************************/

INSERT INTO DEPARTMENT VALUES ('0000','TmaxSoft','');
INSERT INTO DEPARTMENT VALUES ('1000','R&D Center','0000');
INSERT INTO DEPARTMENT VALUES ('2000','Engineer','0000');
INSERT INTO DEPARTMENT VALUES ('3000','Sales','0000');
INSERT INTO DEPARTMENT VALUES ('4000','Consultant','0000');

INSERT INTO EMPLOYEE VALUES ('20063428','James' ,TO_DATE('2006-01-25', 'YYYY-MM-DD'),9800,2400,'0000','19953472');
INSERT INTO EMPLOYEE VALUES ('19953472','Owner' ,TO_DATE('1995-12-19', 'YYYY-MM-DD'),10000,1500,'1000',NULL);
INSERT INTO EMPLOYEE VALUES ('19982201','Sandra' ,TO_DATE('1998-07-07', 'YYYY-MM-DD'),2800,2000,'1000','19953472');
INSERT INTO EMPLOYEE VALUES ('20005012','Helen' ,TO_DATE('2000-12-08', 'YYYY-MM-DD'),1000,'','1000','19982201');
INSERT INTO EMPLOYEE VALUES ('20018786','David' ,TO_DATE('2001-03-01', 'YYYY-MM-DD'),7100,100,'1000','20005012');
INSERT INTO EMPLOYEE VALUES ('20032813','Nicolas' ,TO_DATE('2003-08-04', 'YYYY-MM-DD'),7200,1100,'1000','20018786');
INSERT INTO EMPLOYEE VALUES ('19963998','Bill' ,TO_DATE('1996-11-05', 'YYYY-MM-DD'),1300,'','2000','19953472');
INSERT INTO EMPLOYEE VALUES ('19972002','Paul' ,TO_DATE('1997-04-11', 'YYYY-MM-DD'),4200,'','2000','19963998');
INSERT INTO EMPLOYEE VALUES ('19976229','Fernando' ,TO_DATE('1997-05-13', 'YYYY-MM-DD'),4300,'','2000','19972002');
INSERT INTO EMPLOYEE VALUES ('19992589','John' ,TO_DATE('1999-06-20', 'YYYY-MM-DD'),2700,400,'2000','19976229');
INSERT INTO EMPLOYEE VALUES ('20027015','Karen' ,TO_DATE('2002-07-01', 'YYYY-MM-DD'),5100,1000,'2000','19992589');
INSERT INTO EMPLOYEE VALUES ('20028795','Mickey' ,TO_DATE('2002-09-01', 'YYYY-MM-DD'),4700,2000,'2000','20027015');
INSERT INTO EMPLOYEE VALUES ('19963077','Chris' ,TO_DATE('1996-03-09', 'YYYY-MM-DD'),1400,1500,'3000','19953472');
INSERT INTO EMPLOYEE VALUES ('19980185','Jane' ,TO_DATE('1998-05-03', 'YYYY-MM-DD'),4900,'','3000','19963077');
INSERT INTO EMPLOYEE VALUES ('19982915','Bob' ,TO_DATE('1998-12-29', 'YYYY-MM-DD'),6900,'','3000','19980185');
INSERT INTO EMPLOYEE VALUES ('19994601','Nick' ,TO_DATE('1999-10-17', 'YYYY-MM-DD'),3400,'','3000','19982915');
INSERT INTO EMPLOYEE VALUES ('20003969','Robert' ,TO_DATE('2000-05-12', 'YYYY-MM-DD'),7600,'','3000','19994601');
INSERT INTO EMPLOYEE VALUES ('20034532','Leonardo' ,TO_DATE('2003-09-14', 'YYYY-MM-DD'),5600,'','3000','20003969');
INSERT INTO EMPLOYEE VALUES ('20055195','Luis' ,TO_DATE('2005-04-01', 'YYYY-MM-DD'),3200,1500,'3000','20034532');
INSERT INTO EMPLOYEE VALUES ('20064224','Joy' ,TO_DATE('2006-04-25', 'YYYY-MM-DD'),6100,'','3000','20055195');

INSERT INTO SALARY_GRADE  VALUES ('0',8001,10000);
INSERT INTO SALARY_GRADE  VALUES ('1',6001,8000);
INSERT INTO SALARY_GRADE  VALUES ('2',4001,6000);
INSERT INTO SALARY_GRADE  VALUES ('3',2001,4000);
INSERT INTO SALARY_GRADE  VALUES ('4',1000,2000);

INSERT INTO CUSTOMER VALUES ('S001','chance' ,'Seoul','82-2-324-9102' ,TO_DATE('2001-11-30 09:00:00', 'YYYY-MM-DD HH24:MI:SS'));
INSERT INTO CUSTOMER VALUES ('S002','threetwo' ,'Tokyo ','81-3-747-6254' ,TO_DATE('2001-12-01 11:00:00', 'YYYY-MM-DD HH24:MI:SS'));
INSERT INTO CUSTOMER VALUES ('S003','neroworld' ,'Melbourne ','61-3-568-8475' ,TO_DATE('2001-12-11 13:00:00', 'YYYY-MM-DD HH24:MI:SS'));
INSERT INTO CUSTOMER VALUES ('S004','macrotech' ,'Seoul','82-2-454-9567' ,TO_DATE('2002-02-11 09:00:00', 'YYYY-MM-DD HH24:MI:SS'));
INSERT INTO CUSTOMER VALUES ('P001','teach' ,'Seattle ','1-206-877-5452' ,TO_DATE('2001-10-31 15:00:00', 'YYYY-MM-DD HH24:MI:SS'));
INSERT INTO CUSTOMER VALUES ('P002','government' ,'Hanoi ','84-4-565-5554' ,TO_DATE('2003-10-31 09:00:00', 'YYYY-MM-DD HH24:MI:SS'));
INSERT INTO CUSTOMER VALUES ('P003','city' ,'Seoul','82-2-6523-5784' ,TO_DATE('2002-08-30 10:00:00', 'YYYY-MM-DD HH24:MI:SS'));
INSERT INTO CUSTOMER VALUES ('P004','win corp.' ,'Incheon','032-377-7242' ,TO_DATE('2004-12-31 10:00:00', 'YYYY-MM-DD HH24:MI:SS'));
INSERT INTO CUSTOMER VALUES ('F001','hsbank' ,'Seoul','82-2-385-5642' ,TO_DATE('2005-12-11 09:00:00', 'YYYY-MM-DD HH24:MI:SS'));
INSERT INTO CUSTOMER VALUES ('F002','shbank' ,'Seoul','82-2-388-8876' ,TO_DATE('2004-09-21 11:00:00', 'YYYY-MM-DD HH24:MI:SS'));
INSERT INTO CUSTOMER VALUES ('F003','kmbank' ,'Seoul','82-2-234-7546' ,TO_DATE('2003-04-17 09:00:00', 'YYYY-MM-DD HH24:MI:SS'));
INSERT INTO CUSTOMER VALUES ('F004','firstbank' ,'Busan','82-51-546-2467' ,TO_DATE('2003-02-01 17:00:00', 'YYYY-MM-DD HH24:MI:SS'));
INSERT INTO CUSTOMER VALUES ('F005','strikebank' ,'Chicago','1-773-874-2461' ,TO_DATE('2006-04-14 16:00:00', 'YYYY-MM-DD HH24:MI:SS'));
INSERT INTO CUSTOMER VALUES ('F006','fastbank' ,'Miami','1-305-674-1120' ,TO_DATE('2004-03-13 14:00:00', 'YYYY-MM-DD HH24:MI:SS'));
INSERT INTO CUSTOMER VALUES ('F007','goldbank' ,'Osaka','81-6-232-1120' ,TO_DATE('2002-05-10 14:00:00', 'YYYY-MM-DD HH24:MI:SS'));


INSERT INTO PRODUCT VALUES ('0100','AnyLink','EAI',8000);
INSERT INTO PRODUCT VALUES ('0200','BizMaster','EAI',12000);
INSERT INTO PRODUCT VALUES ('0300','JEUS','MW',2900);
INSERT INTO PRODUCT VALUES ('0400','OpenFrame','FRAME',7000);
INSERT INTO PRODUCT VALUES ('0500','ProERP','BA',20000);
INSERT INTO PRODUCT VALUES ('0600','ProCRM','BA',7000);
INSERT INTO PRODUCT VALUES ('0700','ProFrame','FRAME',6200);
INSERT INTO PRODUCT VALUES ('0800','ProPortal','UI',8600);
INSERT INTO PRODUCT VALUES ('0900','ProSync','DBMS',2500);
INSERT INTO PRODUCT VALUES ('1000','ProWeb','UI',2000);
INSERT INTO PRODUCT VALUES ('1100','SysKeeper','ETC',1500);
INSERT INTO PRODUCT VALUES ('1200','SysMaster','ETC',1400);
INSERT INTO PRODUCT VALUES ('1300','Tibero','DBMS',1500);
INSERT INTO PRODUCT VALUES ('1400','Tmax','MW',3800);
INSERT INTO PRODUCT VALUES ('1500','WebtoB','MW',500);

INSERT INTO PRODUCT_DTL (PROD_ID, DESCRIPTION, ILLUSTRATION) VALUES ('0100', EMPTY_CLOB(), EMPTY_BLOB());
INSERT INTO PRODUCT_DTL (PROD_ID, DESCRIPTION, ILLUSTRATION) VALUES ('0200', EMPTY_CLOB(), EMPTY_BLOB());
INSERT INTO PRODUCT_DTL (PROD_ID, DESCRIPTION, ILLUSTRATION) VALUES ('0300', EMPTY_CLOB(), EMPTY_BLOB());
INSERT INTO PRODUCT_DTL (PROD_ID, DESCRIPTION, ILLUSTRATION) VALUES ('0400', EMPTY_CLOB(), EMPTY_BLOB());
INSERT INTO PRODUCT_DTL (PROD_ID, DESCRIPTION, ILLUSTRATION) VALUES ('0500', EMPTY_CLOB(), EMPTY_BLOB());
INSERT INTO PRODUCT_DTL (PROD_ID, DESCRIPTION, ILLUSTRATION) VALUES ('0600', EMPTY_CLOB(), EMPTY_BLOB());
INSERT INTO PRODUCT_DTL (PROD_ID, DESCRIPTION, ILLUSTRATION) VALUES ('0700', EMPTY_CLOB(), EMPTY_BLOB());
INSERT INTO PRODUCT_DTL (PROD_ID, DESCRIPTION, ILLUSTRATION) VALUES ('0800', EMPTY_CLOB(), EMPTY_BLOB());
INSERT INTO PRODUCT_DTL (PROD_ID, DESCRIPTION, ILLUSTRATION) VALUES ('0900', EMPTY_CLOB(), EMPTY_BLOB());
INSERT INTO PRODUCT_DTL (PROD_ID, DESCRIPTION, ILLUSTRATION) VALUES ('1000', EMPTY_CLOB(), EMPTY_BLOB());
INSERT INTO PRODUCT_DTL (PROD_ID, DESCRIPTION, ILLUSTRATION) VALUES ('1100', EMPTY_CLOB(), EMPTY_BLOB());
INSERT INTO PRODUCT_DTL (PROD_ID, DESCRIPTION, ILLUSTRATION) VALUES ('1200', EMPTY_CLOB(), EMPTY_BLOB());
INSERT INTO PRODUCT_DTL (PROD_ID, DESCRIPTION, ILLUSTRATION) VALUES ('1300', EMPTY_CLOB(), EMPTY_BLOB());
INSERT INTO PRODUCT_DTL (PROD_ID, DESCRIPTION, ILLUSTRATION) VALUES ('1400', EMPTY_CLOB(), EMPTY_BLOB());
INSERT INTO PRODUCT_DTL (PROD_ID, DESCRIPTION, ILLUSTRATION) VALUES ('1500', EMPTY_CLOB(), EMPTY_BLOB());


INSERT INTO ORDERS VALUES(1, '0500',1 ,TO_DATE('2002-02-10', 'YYYY-MM-DD'),'S004','20055195');
INSERT INTO ORDERS VALUES(2, '0300',10,TO_DATE('2002-03-25', 'YYYY-MM-DD'),'F004','20064224');
INSERT INTO ORDERS VALUES(3, '0700',20,TO_DATE('2002-07-08', 'YYYY-MM-DD'),'S003','20064224');
INSERT INTO ORDERS VALUES(4, '0200',5 ,TO_DATE('2002-08-15', 'YYYY-MM-DD'),'F002','20034532');
INSERT INTO ORDERS VALUES(5, '0100',1 ,TO_DATE('2003-10-29', 'YYYY-MM-DD'),'P003','19994601');
INSERT INTO ORDERS VALUES(6, '1500',10,TO_DATE('2003-11-16', 'YYYY-MM-DD'),'F003','19963077');
INSERT INTO ORDERS VALUES(7, '1400',10,TO_DATE('2003-04-30', 'YYYY-MM-DD'),'F003','19980185');
INSERT INTO ORDERS VALUES(8, '0300',13,TO_DATE('2003-06-21', 'YYYY-MM-DD'),'F003','19994601');
INSERT INTO ORDERS VALUES(9, '0100',1 ,TO_DATE('2003-06-06', 'YYYY-MM-DD'),'S001','19980185');
INSERT INTO ORDERS VALUES(10,'1400',13,TO_DATE('2003-07-03', 'YYYY-MM-DD'),'P003','20034532');
INSERT INTO ORDERS VALUES(11,'1400',20,TO_DATE('2004-01-16', 'YYYY-MM-DD'),'P002','19994601');
INSERT INTO ORDERS VALUES(12,'1300',1 ,TO_DATE('2004-01-08', 'YYYY-MM-DD'),'F001','19994601');
INSERT INTO ORDERS VALUES(13,'0700',10,TO_DATE('2004-12-14', 'YYYY-MM-DD'),'F007','19963077');
INSERT INTO ORDERS VALUES(14,'1400',12,TO_DATE('2004-06-14', 'YYYY-MM-DD'),'F003','20003969');
INSERT INTO ORDERS VALUES(15,'1000',10,TO_DATE('2005-01-29', 'YYYY-MM-DD'),'P004','19994601');
INSERT INTO ORDERS VALUES(16,'0400',1 ,TO_DATE('2005-02-16', 'YYYY-MM-DD'),'S001','20003969');
INSERT INTO ORDERS VALUES(17,'0700',10,TO_DATE('2005-04-17', 'YYYY-MM-DD'),'F005','20034532');
INSERT INTO ORDERS VALUES(18,'0400',1 ,TO_DATE('2005-04-05', 'YYYY-MM-DD'),'F001','20055195');
INSERT INTO ORDERS VALUES(19,'0200',2 ,TO_DATE('2005-07-25', 'YYYY-MM-DD'),'F007','19982915');
INSERT INTO ORDERS VALUES(20,'1000',15,TO_DATE('2006-11-29', 'YYYY-MM-DD'),'P002','19963077');
INSERT INTO ORDERS VALUES(21,'1400',40,TO_DATE('2006-12-02', 'YYYY-MM-DD'),'F003','19982915');
INSERT INTO ORDERS VALUES(22,'0200',51,TO_DATE('2006-03-17', 'YYYY-MM-DD'),'F006','19982915');
INSERT INTO ORDERS VALUES(23,'0800',7 ,TO_DATE('2007-12-10', 'YYYY-MM-DD'),'F006','20034532');
INSERT INTO ORDERS VALUES(24,'0200',78,TO_DATE('2007-04-11', 'YYYY-MM-DD'),'S002','20034532');
INSERT INTO ORDERS VALUES(25,'1300',82,TO_DATE('2007-08-03', 'YYYY-MM-DD'),'F001','19994601');
INSERT INTO ORDERS VALUES(26,'0300',8 ,TO_DATE('2008-10-17', 'YYYY-MM-DD'),'S004','19980185');
INSERT INTO ORDERS VALUES(27,'1200',28,TO_DATE('2008-02-26', 'YYYY-MM-DD'),'F003','20055195');
INSERT INTO ORDERS VALUES(28,'0900',20,TO_DATE('2008-03-14', 'YYYY-MM-DD'),'F005','19982915');
INSERT INTO ORDERS VALUES(29,'1200',53,TO_DATE('2008-03-24', 'YYYY-MM-DD'),'F007','20034532');
INSERT INTO ORDERS VALUES(30,'0900',4 ,TO_DATE('2008-03-29', 'YYYY-MM-DD'),'P004','19963077');
INSERT INTO ORDERS VALUES(31,'0800',75,TO_DATE('2008-04-05', 'YYYY-MM-DD'),'P003','20003969');
INSERT INTO ORDERS VALUES(32,'0100',7 ,TO_DATE('2008-04-08', 'YYYY-MM-DD'),'S002','19982915');
INSERT INTO ORDERS VALUES(33,'0300',5 ,TO_DATE('2008-05-02', 'YYYY-MM-DD'),'F007','19963077');
INSERT INTO ORDERS VALUES(34,'1300',49,TO_DATE('2008-05-02', 'YYYY-MM-DD'),'F004','20055195');
INSERT INTO ORDERS VALUES(35,'1300',27,TO_DATE('2008-06-07', 'YYYY-MM-DD'),'P004','19994601');
